{
    "AD_Control": {
        "t_test": {
            "hsa-let-7a-5p": 1.9279577408754847,
            "hsa-let-7b-5p": 0.7115233489319153,
            "hsa-let-7c-5p": 1.1299065550211773,
            "hsa-let-7d-5p": 0.8413100000591877,
            "hsa-let-7e-5p": 1.1294752823207703,
            "hsa-let-7f-5p": 1.4752400768013603,
            "hsa-miR-15a-5p": 1.2252333331599243,
            "hsa-miR-16-5p": 1.165580791159017,
            "hsa-miR-17-5p": 1.5841287248532632,
            "hsa-miR-17-3p": 0.6633567615820867,
            "hsa-miR-18a-5p": 1.5884510952436977,
            "hsa-miR-19a-3p": 1.7709954471142222,
            "hsa-miR-19b-3p": 1.682456579457218,
            "hsa-miR-20a-5p": 1.169692761339994,
            "hsa-miR-21-5p": 1.2552707024836998,
            "hsa-miR-22-3p": 2.8547402135979114,
            "hsa-miR-23a-3p": 2.0485999716393,
            "hsa-miR-24-1-5p": 2.067131094620302,
            "hsa-miR-24-3p": 1.255084277816527,
            "hsa-miR-25-3p": 1.669128622548555,
            "hsa-miR-26a-5p": 1.7388235770128155,
            "hsa-miR-26b-5p": 1.1618852922425063,
            "hsa-miR-27a-3p": 1.7201383285890688,
            "hsa-miR-28-5p": 1.8299154723114017,
            "hsa-miR-29a-3p": 1.349884553458806,
            "hsa-miR-30a-5p": 2.091683921543584,
            "hsa-miR-30a-3p": 2.160013179275715,
            "hsa-miR-31-5p": 0.9975982632913244,
            "hsa-miR-32-5p": 2.000970038804731,
            "hsa-miR-33a-5p": 2.2008448425335874,
            "hsa-miR-92a-3p": 1.9871610838427356,
            "hsa-miR-93-5p": 0.3941492538715632,
            "hsa-miR-95-3p": 1.6933855006217677,
            "hsa-miR-96-5p": 1.7551303405871792,
            "hsa-miR-98-5p": 1.625564290719272,
            "hsa-miR-99a-5p": 2.086735620468634,
            "hsa-miR-100-5p": 1.6282730641879692,
            "hsa-miR-101-3p": 1.5148783522163396,
            "hsa-miR-29b-3p": 0.6949695626062001,
            "hsa-miR-103a-3p": 0.9109397645639922,
            "hsa-miR-105-5p": 0.8344045715044661,
            "hsa-miR-106a-5p": 1.604150874291908,
            "hsa-miR-107": 1.40870168255169,
            "hsa-miR-192-5p": 0.6410328798673126,
            "hsa-miR-196a-5p": 1.6785946286680753,
            "hsa-miR-197-3p": 2.3804609556114342,
            "hsa-miR-198": 0.4659194814126235,
            "hsa-miR-199a-5p": 0.7667182759350897,
            "hsa-miR-208a-3p": 1.6636621172686747,
            "hsa-miR-129-5p": 0.49317701667535724,
            "hsa-miR-148a-3p": 1.3872742201605972,
            "hsa-miR-30c-5p": 1.2899462885543138,
            "hsa-miR-30d-5p": 2.6633738022556805,
            "hsa-miR-139-5p": 1.74040703666672,
            "hsa-miR-147a": 1.0876950926390658,
            "hsa-miR-7-5p": 1.9231732620583726,
            "hsa-miR-10a-5p": 1.8535515364828443,
            "hsa-miR-10b-5p": 1.858354733157595,
            "hsa-miR-34a-5p": 0.05417668778167313,
            "hsa-miR-181a-5p": 0.8123764334227133,
            "hsa-miR-181b-5p": 2.1452560037387687,
            "hsa-miR-181c-5p": 1.5494933532292199,
            "hsa-miR-182-5p": 1.7779247246148944,
            "hsa-miR-182-3p": 1.6115197901844978,
            "hsa-miR-183-5p": 1.4829000532522973,
            "hsa-miR-187-3p": 1.4482423421539936,
            "hsa-miR-199b-5p": 0.38837833310760295,
            "hsa-miR-203a-3p": 0.9468647123511967,
            "hsa-miR-204-5p": 1.7804208948849143,
            "hsa-miR-205-5p": 1.2340464125491482,
            "hsa-miR-210-3p": 0.6134026605904972,
            "hsa-miR-211-5p": 1.406833277376765,
            "hsa-miR-212-3p": 0.036954747101293046,
            "hsa-miR-181a-3p": 0.4100283948270669,
            "hsa-miR-214-3p": 0.8472884110992308,
            "hsa-miR-215-5p": 0.904114920900749,
            "hsa-miR-216a-5p": 1.9521598316255546,
            "hsa-miR-217-5p": 1.4264535997711476,
            "hsa-miR-218-5p": 1.246661379037999,
            "hsa-miR-219a-5p": 1.1175403653349976,
            "hsa-miR-221-3p": 1.9983725549742368,
            "hsa-miR-222-3p": 1.5491957694646448,
            "hsa-miR-223-3p": 1.7889503860842566,
            "hsa-miR-224-5p": 2.1411748465817664,
            "hsa-miR-200b-3p": 1.2421816524540488,
            "hsa-let-7g-5p": 1.2471033028506782,
            "hsa-let-7i-5p": 1.2287538004258334,
            "hsa-miR-1-3p": 1.474507278935453,
            "hsa-miR-15b-5p": 0.6676390569618942,
            "hsa-miR-23b-3p": 0.5187863411957039,
            "hsa-miR-27b-3p": 1.9032912908161017,
            "hsa-miR-30b-5p": 2.185967249089087,
            "hsa-miR-122-5p": 2.098088607887573,
            "hsa-miR-124-3p": 0.06747841256047844,
            "hsa-miR-125b-5p": 1.1203191359858622
        }
    }
}